imputacao,balanceamento,modelo,otimizador,tentativa,f1_cv,parametros
KNN,SMOTE,Árvore de Decisão,Random Search,0,0.7130923990030303,"{""modelo__min_samples_split"": 2, ""modelo__min_samples_leaf"": 10, ""modelo__max_depth"": 6, ""modelo__criterion"": ""gini""}"
KNN,SMOTE,Árvore de Decisão,Random Search,1,0.7130923990030303,"{""modelo__min_samples_split"": 20, ""modelo__min_samples_leaf"": 10, ""modelo__max_depth"": 6, ""modelo__criterion"": ""gini""}"
KNN,SMOTE,Árvore de Decisão,Random Search,2,0.7302276658154275,"{""modelo__min_samples_split"": 2, ""modelo__min_samples_leaf"": 5, ""modelo__max_depth"": 3, ""modelo__criterion"": ""gini""}"
KNN,SMOTE,Árvore de Decisão,Random Search,3,0.6847106481481481,"{""modelo__min_samples_split"": 20, ""modelo__min_samples_leaf"": 5, ""modelo__max_depth"": 8, ""modelo__criterion"": ""gini""}"
KNN,SMOTE,Árvore de Decisão,Random Search,4,0.7293223960596841,"{""modelo__min_samples_split"": 10, ""modelo__min_samples_leaf"": 2, ""modelo__max_depth"": 5, ""modelo__criterion"": ""gini""}"
KNN,SMOTE,Árvore de Decisão,Random Search,5,0.726073076443447,"{""modelo__min_samples_split"": 2, ""modelo__min_samples_leaf"": 5, ""modelo__max_depth"": 3, ""modelo__criterion"": ""entropy""}"
KNN,SMOTE,Árvore de Decisão,Random Search,6,0.7258413773941724,"{""modelo__min_samples_split"": 5, ""modelo__min_samples_leaf"": 2, ""modelo__max_depth"": 4, ""modelo__criterion"": ""entropy""}"
KNN,SMOTE,Árvore de Decisão,Random Search,7,0.7253601938033917,"{""modelo__min_samples_split"": 10, ""modelo__min_samples_leaf"": 10, ""modelo__max_depth"": 3, ""modelo__criterion"": ""gini""}"
KNN,SMOTE,Árvore de Decisão,Random Search,8,0.7139275336072592,"{""modelo__min_samples_split"": 2, ""modelo__min_samples_leaf"": 5, ""modelo__max_depth"": 6, ""modelo__criterion"": ""gini""}"
KNN,SMOTE,Árvore de Decisão,Random Search,9,0.7171506948458622,"{""modelo__min_samples_split"": 20, ""modelo__min_samples_leaf"": 10, ""modelo__max_depth"": 6, ""modelo__criterion"": ""entropy""}"
KNN,SMOTE,Árvore de Decisão,Random Search,10,0.7408341958277108,"{""modelo__min_samples_split"": 10, ""modelo__min_samples_leaf"": 5, ""modelo__max_depth"": 4, ""modelo__criterion"": ""gini""}"
KNN,SMOTE,Árvore de Decisão,Random Search,11,0.7241022469593897,"{""modelo__min_samples_split"": 10, ""modelo__min_samples_leaf"": 2, ""modelo__max_depth"": 3, ""modelo__criterion"": ""entropy""}"
KNN,SMOTE,Árvore de Decisão,Optuna TPE,0,0.7241022469593897,"{""modelo__criterion"": ""entropy"", ""modelo__max_depth"": 3, ""modelo__min_samples_split"": 2, ""modelo__min_samples_leaf"": 2}"
KNN,SMOTE,Árvore de Decisão,Optuna TPE,1,0.7122861438274789,"{""modelo__criterion"": ""entropy"", ""modelo__max_depth"": 8, ""modelo__min_samples_split"": 20, ""modelo__min_samples_leaf"": 2}"
KNN,SMOTE,Árvore de Decisão,Optuna TPE,2,0.7019365587648493,"{""modelo__criterion"": ""gini"", ""modelo__max_depth"": 8, ""modelo__min_samples_split"": 2, ""modelo__min_samples_leaf"": 10}"
KNN,SMOTE,Árvore de Decisão,Optuna TPE,3,0.7306604042415525,"{""modelo__criterion"": ""entropy"", ""modelo__max_depth"": 4, ""modelo__min_samples_split"": 5, ""modelo__min_samples_leaf"": 10}"
KNN,SMOTE,Árvore de Decisão,Optuna TPE,4,0.7306604042415525,"{""modelo__criterion"": ""entropy"", ""modelo__max_depth"": 4, ""modelo__min_samples_split"": 5, ""modelo__min_samples_leaf"": 10}"
KNN,SMOTE,Árvore de Decisão,Optuna TPE,5,0.7320231380982755,"{""modelo__criterion"": ""gini"", ""modelo__max_depth"": 5, ""modelo__min_samples_split"": 5, ""modelo__min_samples_leaf"": 5}"
KNN,SMOTE,Árvore de Decisão,Optuna TPE,6,0.7320231380982755,"{""modelo__criterion"": ""gini"", ""modelo__max_depth"": 5, ""modelo__min_samples_split"": 5, ""modelo__min_samples_leaf"": 5}"
KNN,SMOTE,Árvore de Decisão,Optuna TPE,7,0.7139275336072592,"{""modelo__criterion"": ""gini"", ""modelo__max_depth"": 6, ""modelo__min_samples_split"": 10, ""modelo__min_samples_leaf"": 5}"
KNN,SMOTE,Árvore de Decisão,Optuna TPE,8,0.7212582717372694,"{""modelo__criterion"": ""entropy"", ""modelo__max_depth"": 5, ""modelo__min_samples_split"": 10, ""modelo__min_samples_leaf"": 5}"
KNN,SMOTE,Árvore de Decisão,Optuna TPE,9,0.7302276658154275,"{""modelo__criterion"": ""gini"", ""modelo__max_depth"": 3, ""modelo__min_samples_split"": 20, ""modelo__min_samples_leaf"": 5}"
KNN,SMOTE,Árvore de Decisão,Optuna TPE,10,0.7293223960596841,"{""modelo__criterion"": ""gini"", ""modelo__max_depth"": 5, ""modelo__min_samples_split"": 20, ""modelo__min_samples_leaf"": 2}"
KNN,SMOTE,Árvore de Decisão,Optuna TPE,11,0.7320231380982755,"{""modelo__criterion"": ""gini"", ""modelo__max_depth"": 5, ""modelo__min_samples_split"": 5, ""modelo__min_samples_leaf"": 5}"
KNN,SMOTE,Random Forest,Random Search,0,0.7284260686953465,"{""modelo__n_estimators"": 200, ""modelo__min_samples_split"": 5, ""modelo__min_samples_leaf"": 2, ""modelo__max_features"": 0.8, ""modelo__max_depth"": null, ""modelo__criterion"": ""entropy""}"
KNN,SMOTE,Random Forest,Random Search,1,0.7388503303046031,"{""modelo__n_estimators"": 140, ""modelo__min_samples_split"": 5, ""modelo__min_samples_leaf"": 1, ""modelo__max_features"": 0.8, ""modelo__max_depth"": 8, ""modelo__criterion"": ""gini""}"
KNN,SMOTE,Random Forest,Random Search,2,0.7419186521661464,"{""modelo__n_estimators"": 200, ""modelo__min_samples_split"": 10, ""modelo__min_samples_leaf"": 5, ""modelo__max_features"": ""sqrt"", ""modelo__max_depth"": null, ""modelo__criterion"": ""entropy""}"
KNN,SMOTE,Random Forest,Random Search,3,0.722297243939035,"{""modelo__n_estimators"": 80, ""modelo__min_samples_split"": 10, ""modelo__min_samples_leaf"": 5, ""modelo__max_features"": ""sqrt"", ""modelo__max_depth"": 6, ""modelo__criterion"": ""entropy""}"
KNN,SMOTE,Random Forest,Random Search,4,0.7387299943217043,"{""modelo__n_estimators"": 80, ""modelo__min_samples_split"": 2, ""modelo__min_samples_leaf"": 5, ""modelo__max_features"": 0.8, ""modelo__max_depth"": 4, ""modelo__criterion"": ""gini""}"
KNN,SMOTE,Random Forest,Random Search,5,0.7402852737943713,"{""modelo__n_estimators"": 140, ""modelo__min_samples_split"": 10, ""modelo__min_samples_leaf"": 2, ""modelo__max_features"": ""log2"", ""modelo__max_depth"": 6, ""modelo__criterion"": ""entropy""}"
KNN,SMOTE,Random Forest,Random Search,6,0.7387323001185925,"{""modelo__n_estimators"": 140, ""modelo__min_samples_split"": 2, ""modelo__min_samples_leaf"": 5, ""modelo__max_features"": ""sqrt"", ""modelo__max_depth"": 8, ""modelo__criterion"": ""gini""}"
KNN,SMOTE,Random Forest,Random Search,7,0.7257184865213498,"{""modelo__n_estimators"": 200, ""modelo__min_samples_split"": 5, ""modelo__min_samples_leaf"": 5, ""modelo__max_features"": ""log2"", ""modelo__max_depth"": 6, ""modelo__criterion"": ""gini""}"
KNN,SMOTE,Random Forest,Random Search,8,0.7245091497660927,"{""modelo__n_estimators"": 80, ""modelo__min_samples_split"": 10, ""modelo__min_samples_leaf"": 2, ""modelo__max_features"": 0.8, ""modelo__max_depth"": 8, ""modelo__criterion"": ""gini""}"
KNN,SMOTE,Random Forest,Random Search,9,0.7289520330176337,"{""modelo__n_estimators"": 140, ""modelo__min_samples_split"": 10, ""modelo__min_samples_leaf"": 1, ""modelo__max_features"": ""log2"", ""modelo__max_depth"": null, ""modelo__criterion"": ""gini""}"
KNN,SMOTE,Random Forest,Random Search,10,0.7335275045600831,"{""modelo__n_estimators"": 200, ""modelo__min_samples_split"": 2, ""modelo__min_samples_leaf"": 2, ""modelo__max_features"": ""log2"", ""modelo__max_depth"": null, ""modelo__criterion"": ""entropy""}"
KNN,SMOTE,Random Forest,Random Search,11,0.7399715224781073,"{""modelo__n_estimators"": 200, ""modelo__min_samples_split"": 2, ""modelo__min_samples_leaf"": 2, ""modelo__max_features"": ""log2"", ""modelo__max_depth"": null, ""modelo__criterion"": ""gini""}"
KNN,SMOTE,Random Forest,Optuna TPE,0,0.7271054461062136,"{""modelo__n_estimators"": 140, ""modelo__max_depth"": 4, ""modelo__min_samples_split"": 2, ""modelo__min_samples_leaf"": 2, ""modelo__max_features"": ""sqrt"", ""modelo__criterion"": ""entropy""}"
KNN,SMOTE,Random Forest,Optuna TPE,1,0.7292674598549338,"{""modelo__n_estimators"": 200, ""modelo__max_depth"": null, ""modelo__min_samples_split"": 2, ""modelo__min_samples_leaf"": 5, ""modelo__max_features"": 0.8, ""modelo__criterion"": ""gini""}"
KNN,SMOTE,Random Forest,Optuna TPE,2,0.737287449363284,"{""modelo__n_estimators"": 200, ""modelo__max_depth"": 8, ""modelo__min_samples_split"": 2, ""modelo__min_samples_leaf"": 5, ""modelo__max_features"": ""log2"", ""modelo__criterion"": ""gini""}"
KNN,SMOTE,Random Forest,Optuna TPE,3,0.7218276515151515,"{""modelo__n_estimators"": 140, ""modelo__max_depth"": null, ""modelo__min_samples_split"": 5, ""modelo__min_samples_leaf"": 2, ""modelo__max_features"": 0.8, ""modelo__criterion"": ""gini""}"
KNN,SMOTE,Random Forest,Optuna TPE,4,0.7465307891969676,"{""modelo__n_estimators"": 200, ""modelo__max_depth"": 8, ""modelo__min_samples_split"": 2, ""modelo__min_samples_leaf"": 1, ""modelo__max_features"": ""log2"", ""modelo__criterion"": ""gini""}"
KNN,SMOTE,Random Forest,Optuna TPE,5,0.7446185190576272,"{""modelo__n_estimators"": 80, ""modelo__max_depth"": 8, ""modelo__min_samples_split"": 2, ""modelo__min_samples_leaf"": 1, ""modelo__max_features"": ""sqrt"", ""modelo__criterion"": ""gini""}"
KNN,SMOTE,Random Forest,Optuna TPE,6,0.7394257611648917,"{""modelo__n_estimators"": 200, ""modelo__max_depth"": 8, ""modelo__min_samples_split"": 10, ""modelo__min_samples_leaf"": 1, ""modelo__max_features"": ""log2"", ""modelo__criterion"": ""gini""}"
KNN,SMOTE,Random Forest,Optuna TPE,7,0.7325921892328804,"{""modelo__n_estimators"": 200, ""modelo__max_depth"": 8, ""modelo__min_samples_split"": 2, ""modelo__min_samples_leaf"": 1, ""modelo__max_features"": 0.8, ""modelo__criterion"": ""entropy""}"
KNN,SMOTE,Random Forest,Optuna TPE,8,0.7312822793371992,"{""modelo__n_estimators"": 200, ""modelo__max_depth"": null, ""modelo__min_samples_split"": 2, ""modelo__min_samples_leaf"": 1, ""modelo__max_features"": ""log2"", ""modelo__criterion"": ""gini""}"
KNN,SMOTE,Random Forest,Optuna TPE,9,0.7435267687999482,"{""modelo__n_estimators"": 140, ""modelo__max_depth"": 8, ""modelo__min_samples_split"": 2, ""modelo__min_samples_leaf"": 1, ""modelo__max_features"": ""log2"", ""modelo__criterion"": ""entropy""}"
KNN,SMOTE,Random Forest,Optuna TPE,10,0.7339898682195095,"{""modelo__n_estimators"": 200, ""modelo__max_depth"": 6, ""modelo__min_samples_split"": 5, ""modelo__min_samples_leaf"": 5, ""modelo__max_features"": ""log2"", ""modelo__criterion"": ""entropy""}"
KNN,SMOTE,Random Forest,Optuna TPE,11,0.7301901099046962,"{""modelo__n_estimators"": 80, ""modelo__max_depth"": null, ""modelo__min_samples_split"": 2, ""modelo__min_samples_leaf"": 1, ""modelo__max_features"": ""sqrt"", ""modelo__criterion"": ""gini""}"
KNN,RandomUnderSampling,Árvore de Decisão,Random Search,0,0.6955749329725124,"{""modelo__min_samples_split"": 2, ""modelo__min_samples_leaf"": 10, ""modelo__max_depth"": 6, ""modelo__criterion"": ""gini""}"
KNN,RandomUnderSampling,Árvore de Decisão,Random Search,1,0.6955749329725124,"{""modelo__min_samples_split"": 20, ""modelo__min_samples_leaf"": 10, ""modelo__max_depth"": 6, ""modelo__criterion"": ""gini""}"
KNN,RandomUnderSampling,Árvore de Decisão,Random Search,2,0.7141398102110115,"{""modelo__min_samples_split"": 2, ""modelo__min_samples_leaf"": 5, ""modelo__max_depth"": 3, ""modelo__criterion"": ""gini""}"
KNN,RandomUnderSampling,Árvore de Decisão,Random Search,3,0.6979879834433277,"{""modelo__min_samples_split"": 20, ""modelo__min_samples_leaf"": 5, ""modelo__max_depth"": 8, ""modelo__criterion"": ""gini""}"
KNN,RandomUnderSampling,Árvore de Decisão,Random Search,4,0.7028497501403906,"{""modelo__min_samples_split"": 10, ""modelo__min_samples_leaf"": 2, ""modelo__max_depth"": 5, ""modelo__criterion"": ""gini""}"
KNN,RandomUnderSampling,Árvore de Decisão,Random Search,5,0.7245294381664991,"{""modelo__min_samples_split"": 2, ""modelo__min_samples_leaf"": 5, ""modelo__max_depth"": 3, ""modelo__criterion"": ""entropy""}"
KNN,RandomUnderSampling,Árvore de Decisão,Random Search,6,0.717961911924024,"{""modelo__min_samples_split"": 5, ""modelo__min_samples_leaf"": 2, ""modelo__max_depth"": 4, ""modelo__criterion"": ""entropy""}"
KNN,RandomUnderSampling,Árvore de Decisão,Random Search,7,0.7068116508147031,"{""modelo__min_samples_split"": 10, ""modelo__min_samples_leaf"": 10, ""modelo__max_depth"": 3, ""modelo__criterion"": ""gini""}"
KNN,RandomUnderSampling,Árvore de Decisão,Random Search,8,0.7074266134667838,"{""modelo__min_samples_split"": 2, ""modelo__min_samples_leaf"": 5, ""modelo__max_depth"": 6, ""modelo__criterion"": ""gini""}"
KNN,RandomUnderSampling,Árvore de Decisão,Random Search,9,0.702343770775833,"{""modelo__min_samples_split"": 20, ""modelo__min_samples_leaf"": 10, ""modelo__max_depth"": 6, ""modelo__criterion"": ""entropy""}"
KNN,RandomUnderSampling,Árvore de Decisão,Random Search,10,0.7231434609341442,"{""modelo__min_samples_split"": 10, ""modelo__min_samples_leaf"": 5, ""modelo__max_depth"": 4, ""modelo__criterion"": ""gini""}"
KNN,RandomUnderSampling,Árvore de Decisão,Random Search,11,0.727666807341604,"{""modelo__min_samples_split"": 10, ""modelo__min_samples_leaf"": 2, ""modelo__max_depth"": 3, ""modelo__criterion"": ""entropy""}"
KNN,RandomUnderSampling,Árvore de Decisão,Optuna TPE,0,0.727666807341604,"{""modelo__criterion"": ""entropy"", ""modelo__max_depth"": 3, ""modelo__min_samples_split"": 2, ""modelo__min_samples_leaf"": 2}"
KNN,RandomUnderSampling,Árvore de Decisão,Optuna TPE,1,0.7031736986556264,"{""modelo__criterion"": ""entropy"", ""modelo__max_depth"": 8, ""modelo__min_samples_split"": 20, ""modelo__min_samples_leaf"": 2}"
KNN,RandomUnderSampling,Árvore de Decisão,Optuna TPE,2,0.6931499675089756,"{""modelo__criterion"": ""gini"", ""modelo__max_depth"": 8, ""modelo__min_samples_split"": 2, ""modelo__min_samples_leaf"": 10}"
KNN,RandomUnderSampling,Árvore de Decisão,Optuna TPE,3,0.7099255227502878,"{""modelo__criterion"": ""entropy"", ""modelo__max_depth"": 4, ""modelo__min_samples_split"": 5, ""modelo__min_samples_leaf"": 10}"
KNN,RandomUnderSampling,Árvore de Decisão,Optuna TPE,4,0.727666807341604,"{""modelo__criterion"": ""entropy"", ""modelo__max_depth"": 3, ""modelo__min_samples_split"": 2, ""modelo__min_samples_leaf"": 2}"
KNN,RandomUnderSampling,Árvore de Decisão,Optuna TPE,5,0.7078125934699641,"{""modelo__criterion"": ""gini"", ""modelo__max_depth"": 5, ""modelo__min_samples_split"": 10, ""modelo__min_samples_leaf"": 5}"
KNN,RandomUnderSampling,Árvore de Decisão,Optuna TPE,6,0.7245294381664991,"{""modelo__criterion"": ""entropy"", ""modelo__max_depth"": 3, ""modelo__min_samples_split"": 2, ""modelo__min_samples_leaf"": 5}"
KNN,RandomUnderSampling,Árvore de Decisão,Optuna TPE,7,0.7268388932225944,"{""modelo__criterion"": ""gini"", ""modelo__max_depth"": 3, ""modelo__min_samples_split"": 20, ""modelo__min_samples_leaf"": 2}"
KNN,RandomUnderSampling,Árvore de Decisão,Optuna TPE,8,0.7216154242252754,"{""modelo__criterion"": ""gini"", ""modelo__max_depth"": 4, ""modelo__min_samples_split"": 2, ""modelo__min_samples_leaf"": 2}"
KNN,RandomUnderSampling,Árvore de Decisão,Optuna TPE,9,0.7194843586289478,"{""modelo__criterion"": ""entropy"", ""modelo__max_depth"": 6, ""modelo__min_samples_split"": 2, ""modelo__min_samples_leaf"": 2}"
KNN,RandomUnderSampling,Árvore de Decisão,Optuna TPE,10,0.7087348958536052,"{""modelo__criterion"": ""entropy"", ""modelo__max_depth"": 3, ""modelo__min_samples_split"": 10, ""modelo__min_samples_leaf"": 10}"
KNN,RandomUnderSampling,Árvore de Decisão,Optuna TPE,11,0.727666807341604,"{""modelo__criterion"": ""entropy"", ""modelo__max_depth"": 3, ""modelo__min_samples_split"": 2, ""modelo__min_samples_leaf"": 2}"
KNN,RandomUnderSampling,Random Forest,Random Search,0,0.7149811647887953,"{""modelo__n_estimators"": 200, ""modelo__min_samples_split"": 5, ""modelo__min_samples_leaf"": 2, ""modelo__max_features"": 0.8, ""modelo__max_depth"": null, ""modelo__criterion"": ""entropy""}"
KNN,RandomUnderSampling,Random Forest,Random Search,1,0.7212586633954018,"{""modelo__n_estimators"": 140, ""modelo__min_samples_split"": 5, ""modelo__min_samples_leaf"": 1, ""modelo__max_features"": 0.8, ""modelo__max_depth"": 8, ""modelo__criterion"": ""gini""}"
KNN,RandomUnderSampling,Random Forest,Random Search,2,0.7268188673357949,"{""modelo__n_estimators"": 200, ""modelo__min_samples_split"": 10, ""modelo__min_samples_leaf"": 5, ""modelo__max_features"": ""sqrt"", ""modelo__max_depth"": null, ""modelo__criterion"": ""entropy""}"
KNN,RandomUnderSampling,Random Forest,Random Search,3,0.7238921273220504,"{""modelo__n_estimators"": 80, ""modelo__min_samples_split"": 10, ""modelo__min_samples_leaf"": 5, ""modelo__max_features"": ""sqrt"", ""modelo__max_depth"": 6, ""modelo__criterion"": ""entropy""}"
KNN,RandomUnderSampling,Random Forest,Random Search,4,0.7183783271305496,"{""modelo__n_estimators"": 80, ""modelo__min_samples_split"": 2, ""modelo__min_samples_leaf"": 5, ""modelo__max_features"": 0.8, ""modelo__max_depth"": 4, ""modelo__criterion"": ""gini""}"
KNN,RandomUnderSampling,Random Forest,Random Search,5,0.7318281567645434,"{""modelo__n_estimators"": 140, ""modelo__min_samples_split"": 10, ""modelo__min_samples_leaf"": 2, ""modelo__max_features"": ""log2"", ""modelo__max_depth"": 6, ""modelo__criterion"": ""entropy""}"
KNN,RandomUnderSampling,Random Forest,Random Search,6,0.7198181916138923,"{""modelo__n_estimators"": 140, ""modelo__min_samples_split"": 2, ""modelo__min_samples_leaf"": 5, ""modelo__max_features"": ""sqrt"", ""modelo__max_depth"": 8, ""modelo__criterion"": ""gini""}"
KNN,RandomUnderSampling,Random Forest,Random Search,7,0.7128563628563628,"{""modelo__n_estimators"": 200, ""modelo__min_samples_split"": 5, ""modelo__min_samples_leaf"": 5, ""modelo__max_features"": ""log2"", ""modelo__max_depth"": 6, ""modelo__criterion"": ""gini""}"
KNN,RandomUnderSampling,Random Forest,Random Search,8,0.725299501145159,"{""modelo__n_estimators"": 80, ""modelo__min_samples_split"": 10, ""modelo__min_samples_leaf"": 2, ""modelo__max_features"": 0.8, ""modelo__max_depth"": 8, ""modelo__criterion"": ""gini""}"
KNN,RandomUnderSampling,Random Forest,Random Search,9,0.7240376669478549,"{""modelo__n_estimators"": 140, ""modelo__min_samples_split"": 10, ""modelo__min_samples_leaf"": 1, ""modelo__max_features"": ""log2"", ""modelo__max_depth"": null, ""modelo__criterion"": ""gini""}"
KNN,RandomUnderSampling,Random Forest,Random Search,10,0.7263709591767146,"{""modelo__n_estimators"": 200, ""modelo__min_samples_split"": 2, ""modelo__min_samples_leaf"": 2, ""modelo__max_features"": ""log2"", ""modelo__max_depth"": null, ""modelo__criterion"": ""entropy""}"
KNN,RandomUnderSampling,Random Forest,Random Search,11,0.7180690230424357,"{""modelo__n_estimators"": 200, ""modelo__min_samples_split"": 2, ""modelo__min_samples_leaf"": 2, ""modelo__max_features"": ""log2"", ""modelo__max_depth"": null, ""modelo__criterion"": ""gini""}"
KNN,RandomUnderSampling,Random Forest,Optuna TPE,0,0.709349706907108,"{""modelo__n_estimators"": 140, ""modelo__max_depth"": 4, ""modelo__min_samples_split"": 2, ""modelo__min_samples_leaf"": 2, ""modelo__max_features"": ""sqrt"", ""modelo__criterion"": ""entropy""}"
KNN,RandomUnderSampling,Random Forest,Optuna TPE,1,0.7052761409260747,"{""modelo__n_estimators"": 200, ""modelo__max_depth"": null, ""modelo__min_samples_split"": 2, ""modelo__min_samples_leaf"": 5, ""modelo__max_features"": 0.8, ""modelo__criterion"": ""gini""}"
KNN,RandomUnderSampling,Random Forest,Optuna TPE,2,0.7191470782138447,"{""modelo__n_estimators"": 200, ""modelo__max_depth"": 8, ""modelo__min_samples_split"": 2, ""modelo__min_samples_leaf"": 5, ""modelo__max_features"": ""log2"", ""modelo__criterion"": ""gini""}"
KNN,RandomUnderSampling,Random Forest,Optuna TPE,3,0.711373028405485,"{""modelo__n_estimators"": 140, ""modelo__max_depth"": null, ""modelo__min_samples_split"": 5, ""modelo__min_samples_leaf"": 2, ""modelo__max_features"": 0.8, ""modelo__criterion"": ""gini""}"
KNN,RandomUnderSampling,Random Forest,Optuna TPE,4,0.7348330290991089,"{""modelo__n_estimators"": 200, ""modelo__max_depth"": 8, ""modelo__min_samples_split"": 2, ""modelo__min_samples_leaf"": 1, ""modelo__max_features"": ""log2"", ""modelo__criterion"": ""gini""}"
KNN,RandomUnderSampling,Random Forest,Optuna TPE,5,0.7378605079851338,"{""modelo__n_estimators"": 80, ""modelo__max_depth"": 8, ""modelo__min_samples_split"": 2, ""modelo__min_samples_leaf"": 1, ""modelo__max_features"": ""sqrt"", ""modelo__criterion"": ""gini""}"
KNN,RandomUnderSampling,Random Forest,Optuna TPE,6,0.72879974871856,"{""modelo__n_estimators"": 80, ""modelo__max_depth"": 6, ""modelo__min_samples_split"": 2, ""modelo__min_samples_leaf"": 1, ""modelo__max_features"": ""sqrt"", ""modelo__criterion"": ""gini""}"
KNN,RandomUnderSampling,Random Forest,Optuna TPE,7,0.7341964811988793,"{""modelo__n_estimators"": 80, ""modelo__max_depth"": 8, ""modelo__min_samples_split"": 10, ""modelo__min_samples_leaf"": 1, ""modelo__max_features"": ""sqrt"", ""modelo__criterion"": ""entropy""}"
KNN,RandomUnderSampling,Random Forest,Optuna TPE,8,0.7220654095841601,"{""modelo__n_estimators"": 80, ""modelo__max_depth"": 8, ""modelo__min_samples_split"": 2, ""modelo__min_samples_leaf"": 5, ""modelo__max_features"": ""sqrt"", ""modelo__criterion"": ""gini""}"
KNN,RandomUnderSampling,Random Forest,Optuna TPE,9,0.7305658023442674,"{""modelo__n_estimators"": 140, ""modelo__max_depth"": 8, ""modelo__min_samples_split"": 5, ""modelo__min_samples_leaf"": 1, ""modelo__max_features"": ""sqrt"", ""modelo__criterion"": ""gini""}"
KNN,RandomUnderSampling,Random Forest,Optuna TPE,10,0.7198936464674924,"{""modelo__n_estimators"": 200, ""modelo__max_depth"": 6, ""modelo__min_samples_split"": 5, ""modelo__min_samples_leaf"": 5, ""modelo__max_features"": ""log2"", ""modelo__criterion"": ""entropy""}"
KNN,RandomUnderSampling,Random Forest,Optuna TPE,11,0.7378605079851338,"{""modelo__n_estimators"": 80, ""modelo__max_depth"": 8, ""modelo__min_samples_split"": 2, ""modelo__min_samples_leaf"": 1, ""modelo__max_features"": ""log2"", ""modelo__criterion"": ""gini""}"
MissForest,SMOTE,Árvore de Decisão,Random Search,0,0.7111531119544403,"{""modelo__min_samples_split"": 2, ""modelo__min_samples_leaf"": 10, ""modelo__max_depth"": 6, ""modelo__criterion"": ""gini""}"
MissForest,SMOTE,Árvore de Decisão,Random Search,1,0.7111531119544403,"{""modelo__min_samples_split"": 20, ""modelo__min_samples_leaf"": 10, ""modelo__max_depth"": 6, ""modelo__criterion"": ""gini""}"
MissForest,SMOTE,Árvore de Decisão,Random Search,2,0.7294131216866914,"{""modelo__min_samples_split"": 2, ""modelo__min_samples_leaf"": 5, ""modelo__max_depth"": 3, ""modelo__criterion"": ""gini""}"
MissForest,SMOTE,Árvore de Decisão,Random Search,3,0.7164482565234178,"{""modelo__min_samples_split"": 20, ""modelo__min_samples_leaf"": 5, ""modelo__max_depth"": 8, ""modelo__criterion"": ""gini""}"
MissForest,SMOTE,Árvore de Decisão,Random Search,4,0.7217895982341425,"{""modelo__min_samples_split"": 10, ""modelo__min_samples_leaf"": 2, ""modelo__max_depth"": 5, ""modelo__criterion"": ""gini""}"
MissForest,SMOTE,Árvore de Decisão,Random Search,5,0.718031994197526,"{""modelo__min_samples_split"": 2, ""modelo__min_samples_leaf"": 5, ""modelo__max_depth"": 3, ""modelo__criterion"": ""entropy""}"
MissForest,SMOTE,Árvore de Decisão,Random Search,6,0.731983397647558,"{""modelo__min_samples_split"": 5, ""modelo__min_samples_leaf"": 2, ""modelo__max_depth"": 4, ""modelo__criterion"": ""entropy""}"
MissForest,SMOTE,Árvore de Decisão,Random Search,7,0.7235956129686918,"{""modelo__min_samples_split"": 10, ""modelo__min_samples_leaf"": 10, ""modelo__max_depth"": 3, ""modelo__criterion"": ""gini""}"
MissForest,SMOTE,Árvore de Decisão,Random Search,8,0.7099005211657405,"{""modelo__min_samples_split"": 2, ""modelo__min_samples_leaf"": 5, ""modelo__max_depth"": 6, ""modelo__criterion"": ""gini""}"
MissForest,SMOTE,Árvore de Decisão,Random Search,9,0.6861610768144343,"{""modelo__min_samples_split"": 20, ""modelo__min_samples_leaf"": 10, ""modelo__max_depth"": 6, ""modelo__criterion"": ""entropy""}"
MissForest,SMOTE,Árvore de Decisão,Random Search,10,0.7373719411112652,"{""modelo__min_samples_split"": 10, ""modelo__min_samples_leaf"": 5, ""modelo__max_depth"": 4, ""modelo__criterion"": ""gini""}"
MissForest,SMOTE,Árvore de Decisão,Random Search,11,0.7218786734314685,"{""modelo__min_samples_split"": 10, ""modelo__min_samples_leaf"": 2, ""modelo__max_depth"": 3, ""modelo__criterion"": ""entropy""}"
MissForest,SMOTE,Árvore de Decisão,Optuna TPE,0,0.7218786734314685,"{""modelo__criterion"": ""entropy"", ""modelo__max_depth"": 3, ""modelo__min_samples_split"": 2, ""modelo__min_samples_leaf"": 2}"
MissForest,SMOTE,Árvore de Decisão,Optuna TPE,1,0.7139357223737003,"{""modelo__criterion"": ""entropy"", ""modelo__max_depth"": 8, ""modelo__min_samples_split"": 20, ""modelo__min_samples_leaf"": 2}"
MissForest,SMOTE,Árvore de Decisão,Optuna TPE,2,0.695138310313689,"{""modelo__criterion"": ""gini"", ""modelo__max_depth"": 8, ""modelo__min_samples_split"": 2, ""modelo__min_samples_leaf"": 10}"
MissForest,SMOTE,Árvore de Decisão,Optuna TPE,3,0.7305995787109237,"{""modelo__criterion"": ""entropy"", ""modelo__max_depth"": 4, ""modelo__min_samples_split"": 5, ""modelo__min_samples_leaf"": 10}"
MissForest,SMOTE,Árvore de Decisão,Optuna TPE,4,0.7305995787109237,"{""modelo__criterion"": ""entropy"", ""modelo__max_depth"": 4, ""modelo__min_samples_split"": 5, ""modelo__min_samples_leaf"": 10}"
MissForest,SMOTE,Árvore de Decisão,Optuna TPE,5,0.7271068337204855,"{""modelo__criterion"": ""gini"", ""modelo__max_depth"": 5, ""modelo__min_samples_split"": 5, ""modelo__min_samples_leaf"": 5}"
MissForest,SMOTE,Árvore de Decisão,Optuna TPE,6,0.7221566841573889,"{""modelo__criterion"": ""entropy"", ""modelo__max_depth"": 5, ""modelo__min_samples_split"": 10, ""modelo__min_samples_leaf"": 10}"
MissForest,SMOTE,Árvore de Decisão,Optuna TPE,7,0.6987424742313292,"{""modelo__criterion"": ""entropy"", ""modelo__max_depth"": 6, ""modelo__min_samples_split"": 20, ""modelo__min_samples_leaf"": 5}"
MissForest,SMOTE,Árvore de Decisão,Optuna TPE,8,0.733954227131615,"{""modelo__criterion"": ""entropy"", ""modelo__max_depth"": 4, ""modelo__min_samples_split"": 2, ""modelo__min_samples_leaf"": 5}"
MissForest,SMOTE,Árvore de Decisão,Optuna TPE,9,0.7373719411112652,"{""modelo__criterion"": ""gini"", ""modelo__max_depth"": 4, ""modelo__min_samples_split"": 10, ""modelo__min_samples_leaf"": 5}"
MissForest,SMOTE,Árvore de Decisão,Optuna TPE,10,0.7373719411112652,"{""modelo__criterion"": ""gini"", ""modelo__max_depth"": 4, ""modelo__min_samples_split"": 10, ""modelo__min_samples_leaf"": 5}"
MissForest,SMOTE,Árvore de Decisão,Optuna TPE,11,0.7373719411112652,"{""modelo__criterion"": ""gini"", ""modelo__max_depth"": 4, ""modelo__min_samples_split"": 10, ""modelo__min_samples_leaf"": 5}"
MissForest,SMOTE,Random Forest,Random Search,0,0.7272859033586645,"{""modelo__n_estimators"": 200, ""modelo__min_samples_split"": 5, ""modelo__min_samples_leaf"": 2, ""modelo__max_features"": 0.8, ""modelo__max_depth"": null, ""modelo__criterion"": ""entropy""}"
MissForest,SMOTE,Random Forest,Random Search,1,0.7355751759495277,"{""modelo__n_estimators"": 140, ""modelo__min_samples_split"": 5, ""modelo__min_samples_leaf"": 1, ""modelo__max_features"": 0.8, ""modelo__max_depth"": 8, ""modelo__criterion"": ""gini""}"
MissForest,SMOTE,Random Forest,Random Search,2,0.7433772119198876,"{""modelo__n_estimators"": 200, ""modelo__min_samples_split"": 10, ""modelo__min_samples_leaf"": 5, ""modelo__max_features"": ""sqrt"", ""modelo__max_depth"": null, ""modelo__criterion"": ""entropy""}"
MissForest,SMOTE,Random Forest,Random Search,3,0.7365216381121708,"{""modelo__n_estimators"": 80, ""modelo__min_samples_split"": 10, ""modelo__min_samples_leaf"": 5, ""modelo__max_features"": ""sqrt"", ""modelo__max_depth"": 6, ""modelo__criterion"": ""entropy""}"
MissForest,SMOTE,Random Forest,Random Search,4,0.7365007621368079,"{""modelo__n_estimators"": 80, ""modelo__min_samples_split"": 2, ""modelo__min_samples_leaf"": 5, ""modelo__max_features"": 0.8, ""modelo__max_depth"": 4, ""modelo__criterion"": ""gini""}"
MissForest,SMOTE,Random Forest,Random Search,5,0.7375529361180607,"{""modelo__n_estimators"": 140, ""modelo__min_samples_split"": 10, ""modelo__min_samples_leaf"": 2, ""modelo__max_features"": ""log2"", ""modelo__max_depth"": 6, ""modelo__criterion"": ""entropy""}"
MissForest,SMOTE,Random Forest,Random Search,6,0.7367714428615386,"{""modelo__n_estimators"": 140, ""modelo__min_samples_split"": 2, ""modelo__min_samples_leaf"": 5, ""modelo__max_features"": ""sqrt"", ""modelo__max_depth"": 8, ""modelo__criterion"": ""gini""}"
MissForest,SMOTE,Random Forest,Random Search,7,0.7299816483167648,"{""modelo__n_estimators"": 200, ""modelo__min_samples_split"": 5, ""modelo__min_samples_leaf"": 5, ""modelo__max_features"": ""log2"", ""modelo__max_depth"": 6, ""modelo__criterion"": ""gini""}"
MissForest,SMOTE,Random Forest,Random Search,8,0.7212827072345337,"{""modelo__n_estimators"": 80, ""modelo__min_samples_split"": 10, ""modelo__min_samples_leaf"": 2, ""modelo__max_features"": 0.8, ""modelo__max_depth"": 8, ""modelo__criterion"": ""gini""}"
MissForest,SMOTE,Random Forest,Random Search,9,0.7313416368442444,"{""modelo__n_estimators"": 140, ""modelo__min_samples_split"": 10, ""modelo__min_samples_leaf"": 1, ""modelo__max_features"": ""log2"", ""modelo__max_depth"": null, ""modelo__criterion"": ""gini""}"
MissForest,SMOTE,Random Forest,Random Search,10,0.7221738613984634,"{""modelo__n_estimators"": 200, ""modelo__min_samples_split"": 2, ""modelo__min_samples_leaf"": 2, ""modelo__max_features"": ""log2"", ""modelo__max_depth"": null, ""modelo__criterion"": ""entropy""}"
MissForest,SMOTE,Random Forest,Random Search,11,0.7391902400772891,"{""modelo__n_estimators"": 200, ""modelo__min_samples_split"": 2, ""modelo__min_samples_leaf"": 2, ""modelo__max_features"": ""log2"", ""modelo__max_depth"": null, ""modelo__criterion"": ""gini""}"
MissForest,SMOTE,Random Forest,Optuna TPE,0,0.7273749364990242,"{""modelo__n_estimators"": 140, ""modelo__max_depth"": 4, ""modelo__min_samples_split"": 2, ""modelo__min_samples_leaf"": 2, ""modelo__max_features"": ""sqrt"", ""modelo__criterion"": ""entropy""}"
MissForest,SMOTE,Random Forest,Optuna TPE,1,0.7337455019166906,"{""modelo__n_estimators"": 200, ""modelo__max_depth"": null, ""modelo__min_samples_split"": 2, ""modelo__min_samples_leaf"": 5, ""modelo__max_features"": 0.8, ""modelo__criterion"": ""gini""}"
MissForest,SMOTE,Random Forest,Optuna TPE,2,0.735155766365175,"{""modelo__n_estimators"": 200, ""modelo__max_depth"": 8, ""modelo__min_samples_split"": 2, ""modelo__min_samples_leaf"": 5, ""modelo__max_features"": ""log2"", ""modelo__criterion"": ""gini""}"
MissForest,SMOTE,Random Forest,Optuna TPE,3,0.7312959014451552,"{""modelo__n_estimators"": 140, ""modelo__max_depth"": null, ""modelo__min_samples_split"": 5, ""modelo__min_samples_leaf"": 2, ""modelo__max_features"": 0.8, ""modelo__criterion"": ""gini""}"
MissForest,SMOTE,Random Forest,Optuna TPE,4,0.7471253654459762,"{""modelo__n_estimators"": 200, ""modelo__max_depth"": 8, ""modelo__min_samples_split"": 2, ""modelo__min_samples_leaf"": 1, ""modelo__max_features"": ""log2"", ""modelo__criterion"": ""gini""}"
MissForest,SMOTE,Random Forest,Optuna TPE,5,0.7530785167490536,"{""modelo__n_estimators"": 80, ""modelo__max_depth"": 8, ""modelo__min_samples_split"": 2, ""modelo__min_samples_leaf"": 1, ""modelo__max_features"": ""sqrt"", ""modelo__criterion"": ""gini""}"
MissForest,SMOTE,Random Forest,Optuna TPE,6,0.7419908466819222,"{""modelo__n_estimators"": 80, ""modelo__max_depth"": 6, ""modelo__min_samples_split"": 2, ""modelo__min_samples_leaf"": 1, ""modelo__max_features"": ""sqrt"", ""modelo__criterion"": ""gini""}"
MissForest,SMOTE,Random Forest,Optuna TPE,7,0.7397275402748322,"{""modelo__n_estimators"": 80, ""modelo__max_depth"": 8, ""modelo__min_samples_split"": 10, ""modelo__min_samples_leaf"": 1, ""modelo__max_features"": ""sqrt"", ""modelo__criterion"": ""entropy""}"
MissForest,SMOTE,Random Forest,Optuna TPE,8,0.7330589942484957,"{""modelo__n_estimators"": 80, ""modelo__max_depth"": 8, ""modelo__min_samples_split"": 2, ""modelo__min_samples_leaf"": 5, ""modelo__max_features"": ""sqrt"", ""modelo__criterion"": ""gini""}"
MissForest,SMOTE,Random Forest,Optuna TPE,9,0.7505590178601332,"{""modelo__n_estimators"": 140, ""modelo__max_depth"": 8, ""modelo__min_samples_split"": 5, ""modelo__min_samples_leaf"": 1, ""modelo__max_features"": ""sqrt"", ""modelo__criterion"": ""gini""}"
MissForest,SMOTE,Random Forest,Optuna TPE,10,0.737543560521081,"{""modelo__n_estimators"": 200, ""modelo__max_depth"": 6, ""modelo__min_samples_split"": 5, ""modelo__min_samples_leaf"": 5, ""modelo__max_features"": ""log2"", ""modelo__criterion"": ""entropy""}"
MissForest,SMOTE,Random Forest,Optuna TPE,11,0.7505590178601332,"{""modelo__n_estimators"": 140, ""modelo__max_depth"": 8, ""modelo__min_samples_split"": 5, ""modelo__min_samples_leaf"": 1, ""modelo__max_features"": ""sqrt"", ""modelo__criterion"": ""gini""}"
MissForest,RandomUnderSampling,Árvore de Decisão,Random Search,0,0.6923034184105973,"{""modelo__min_samples_split"": 2, ""modelo__min_samples_leaf"": 10, ""modelo__max_depth"": 6, ""modelo__criterion"": ""gini""}"
MissForest,RandomUnderSampling,Árvore de Decisão,Random Search,1,0.6923034184105973,"{""modelo__min_samples_split"": 20, ""modelo__min_samples_leaf"": 10, ""modelo__max_depth"": 6, ""modelo__criterion"": ""gini""}"
MissForest,RandomUnderSampling,Árvore de Decisão,Random Search,2,0.7234203915999103,"{""modelo__min_samples_split"": 2, ""modelo__min_samples_leaf"": 5, ""modelo__max_depth"": 3, ""modelo__criterion"": ""gini""}"
MissForest,RandomUnderSampling,Árvore de Decisão,Random Search,3,0.7108310519264539,"{""modelo__min_samples_split"": 20, ""modelo__min_samples_leaf"": 5, ""modelo__max_depth"": 8, ""modelo__criterion"": ""gini""}"
MissForest,RandomUnderSampling,Árvore de Decisão,Random Search,4,0.7156146323316498,"{""modelo__min_samples_split"": 10, ""modelo__min_samples_leaf"": 2, ""modelo__max_depth"": 5, ""modelo__criterion"": ""gini""}"
MissForest,RandomUnderSampling,Árvore de Decisão,Random Search,5,0.7251788307356758,"{""modelo__min_samples_split"": 2, ""modelo__min_samples_leaf"": 5, ""modelo__max_depth"": 3, ""modelo__criterion"": ""entropy""}"
MissForest,RandomUnderSampling,Árvore de Decisão,Random Search,6,0.7188712522045856,"{""modelo__min_samples_split"": 5, ""modelo__min_samples_leaf"": 2, ""modelo__max_depth"": 4, ""modelo__criterion"": ""entropy""}"
MissForest,RandomUnderSampling,Árvore de Decisão,Random Search,7,0.713156995799289,"{""modelo__min_samples_split"": 10, ""modelo__min_samples_leaf"": 10, ""modelo__max_depth"": 3, ""modelo__criterion"": ""gini""}"
MissForest,RandomUnderSampling,Árvore de Decisão,Random Search,8,0.6867600980145464,"{""modelo__min_samples_split"": 2, ""modelo__min_samples_leaf"": 5, ""modelo__max_depth"": 6, ""modelo__criterion"": ""gini""}"
MissForest,RandomUnderSampling,Árvore de Decisão,Random Search,9,0.6993362117202028,"{""modelo__min_samples_split"": 20, ""modelo__min_samples_leaf"": 10, ""modelo__max_depth"": 6, ""modelo__criterion"": ""entropy""}"
MissForest,RandomUnderSampling,Árvore de Decisão,Random Search,10,0.7270762034020599,"{""modelo__min_samples_split"": 10, ""modelo__min_samples_leaf"": 5, ""modelo__max_depth"": 4, ""modelo__criterion"": ""gini""}"
MissForest,RandomUnderSampling,Árvore de Decisão,Random Search,11,0.7282827443659051,"{""modelo__min_samples_split"": 10, ""modelo__min_samples_leaf"": 2, ""modelo__max_depth"": 3, ""modelo__criterion"": ""entropy""}"
MissForest,RandomUnderSampling,Árvore de Decisão,Optuna TPE,0,0.7282827443659051,"{""modelo__criterion"": ""entropy"", ""modelo__max_depth"": 3, ""modelo__min_samples_split"": 2, ""modelo__min_samples_leaf"": 2}"
MissForest,RandomUnderSampling,Árvore de Decisão,Optuna TPE,1,0.7013924925383259,"{""modelo__criterion"": ""entropy"", ""modelo__max_depth"": 8, ""modelo__min_samples_split"": 20, ""modelo__min_samples_leaf"": 2}"
MissForest,RandomUnderSampling,Árvore de Decisão,Optuna TPE,2,0.6956503370621406,"{""modelo__criterion"": ""gini"", ""modelo__max_depth"": 8, ""modelo__min_samples_split"": 2, ""modelo__min_samples_leaf"": 10}"
MissForest,RandomUnderSampling,Árvore de Decisão,Optuna TPE,3,0.7164317539571089,"{""modelo__criterion"": ""entropy"", ""modelo__max_depth"": 4, ""modelo__min_samples_split"": 5, ""modelo__min_samples_leaf"": 10}"
MissForest,RandomUnderSampling,Árvore de Decisão,Optuna TPE,4,0.7282827443659051,"{""modelo__criterion"": ""entropy"", ""modelo__max_depth"": 3, ""modelo__min_samples_split"": 2, ""modelo__min_samples_leaf"": 2}"
MissForest,RandomUnderSampling,Árvore de Decisão,Optuna TPE,5,0.7150324970697026,"{""modelo__criterion"": ""gini"", ""modelo__max_depth"": 5, ""modelo__min_samples_split"": 10, ""modelo__min_samples_leaf"": 5}"
MissForest,RandomUnderSampling,Árvore de Decisão,Optuna TPE,6,0.7251788307356758,"{""modelo__criterion"": ""entropy"", ""modelo__max_depth"": 3, ""modelo__min_samples_split"": 2, ""modelo__min_samples_leaf"": 5}"
MissForest,RandomUnderSampling,Árvore de Decisão,Optuna TPE,7,0.7234203915999103,"{""modelo__criterion"": ""gini"", ""modelo__max_depth"": 3, ""modelo__min_samples_split"": 20, ""modelo__min_samples_leaf"": 2}"
MissForest,RandomUnderSampling,Árvore de Decisão,Optuna TPE,8,0.7225325569535238,"{""modelo__criterion"": ""gini"", ""modelo__max_depth"": 4, ""modelo__min_samples_split"": 2, ""modelo__min_samples_leaf"": 2}"
MissForest,RandomUnderSampling,Árvore de Decisão,Optuna TPE,9,0.6853036663100038,"{""modelo__criterion"": ""entropy"", ""modelo__max_depth"": 6, ""modelo__min_samples_split"": 2, ""modelo__min_samples_leaf"": 2}"
MissForest,RandomUnderSampling,Árvore de Decisão,Optuna TPE,10,0.7160302775441547,"{""modelo__criterion"": ""entropy"", ""modelo__max_depth"": 3, ""modelo__min_samples_split"": 10, ""modelo__min_samples_leaf"": 10}"
MissForest,RandomUnderSampling,Árvore de Decisão,Optuna TPE,11,0.7282827443659051,"{""modelo__criterion"": ""entropy"", ""modelo__max_depth"": 3, ""modelo__min_samples_split"": 2, ""modelo__min_samples_leaf"": 2}"
MissForest,RandomUnderSampling,Random Forest,Random Search,0,0.7152203875583383,"{""modelo__n_estimators"": 200, ""modelo__min_samples_split"": 5, ""modelo__min_samples_leaf"": 2, ""modelo__max_features"": 0.8, ""modelo__max_depth"": null, ""modelo__criterion"": ""entropy""}"
MissForest,RandomUnderSampling,Random Forest,Random Search,1,0.7342125114499704,"{""modelo__n_estimators"": 140, ""modelo__min_samples_split"": 5, ""modelo__min_samples_leaf"": 1, ""modelo__max_features"": 0.8, ""modelo__max_depth"": 8, ""modelo__criterion"": ""gini""}"
MissForest,RandomUnderSampling,Random Forest,Random Search,2,0.7295931380013072,"{""modelo__n_estimators"": 200, ""modelo__min_samples_split"": 10, ""modelo__min_samples_leaf"": 5, ""modelo__max_features"": ""sqrt"", ""modelo__max_depth"": null, ""modelo__criterion"": ""entropy""}"
MissForest,RandomUnderSampling,Random Forest,Random Search,3,0.7252873822144689,"{""modelo__n_estimators"": 80, ""modelo__min_samples_split"": 10, ""modelo__min_samples_leaf"": 5, ""modelo__max_features"": ""sqrt"", ""modelo__max_depth"": 6, ""modelo__criterion"": ""entropy""}"
MissForest,RandomUnderSampling,Random Forest,Random Search,4,0.7184344971555583,"{""modelo__n_estimators"": 80, ""modelo__min_samples_split"": 2, ""modelo__min_samples_leaf"": 5, ""modelo__max_features"": 0.8, ""modelo__max_depth"": 4, ""modelo__criterion"": ""gini""}"
MissForest,RandomUnderSampling,Random Forest,Random Search,5,0.7288523453267829,"{""modelo__n_estimators"": 140, ""modelo__min_samples_split"": 10, ""modelo__min_samples_leaf"": 2, ""modelo__max_features"": ""log2"", ""modelo__max_depth"": 6, ""modelo__criterion"": ""entropy""}"
MissForest,RandomUnderSampling,Random Forest,Random Search,6,0.7291790928261287,"{""modelo__n_estimators"": 140, ""modelo__min_samples_split"": 2, ""modelo__min_samples_leaf"": 5, ""modelo__max_features"": ""sqrt"", ""modelo__max_depth"": 8, ""modelo__criterion"": ""gini""}"
MissForest,RandomUnderSampling,Random Forest,Random Search,7,0.7184503347152087,"{""modelo__n_estimators"": 200, ""modelo__min_samples_split"": 5, ""modelo__min_samples_leaf"": 5, ""modelo__max_features"": ""log2"", ""modelo__max_depth"": 6, ""modelo__criterion"": ""gini""}"
MissForest,RandomUnderSampling,Random Forest,Random Search,8,0.7272757811269873,"{""modelo__n_estimators"": 80, ""modelo__min_samples_split"": 10, ""modelo__min_samples_leaf"": 2, ""modelo__max_features"": 0.8, ""modelo__max_depth"": 8, ""modelo__criterion"": ""gini""}"
MissForest,RandomUnderSampling,Random Forest,Random Search,9,0.717108370539005,"{""modelo__n_estimators"": 140, ""modelo__min_samples_split"": 10, ""modelo__min_samples_leaf"": 1, ""modelo__max_features"": ""log2"", ""modelo__max_depth"": null, ""modelo__criterion"": ""gini""}"
MissForest,RandomUnderSampling,Random Forest,Random Search,10,0.7201070470318253,"{""modelo__n_estimators"": 200, ""modelo__min_samples_split"": 2, ""modelo__min_samples_leaf"": 2, ""modelo__max_features"": ""log2"", ""modelo__max_depth"": null, ""modelo__criterion"": ""entropy""}"
MissForest,RandomUnderSampling,Random Forest,Random Search,11,0.7133617118313476,"{""modelo__n_estimators"": 200, ""modelo__min_samples_split"": 2, ""modelo__min_samples_leaf"": 2, ""modelo__max_features"": ""log2"", ""modelo__max_depth"": null, ""modelo__criterion"": ""gini""}"
MissForest,RandomUnderSampling,Random Forest,Optuna TPE,0,0.7191894659733175,"{""modelo__n_estimators"": 140, ""modelo__max_depth"": 4, ""modelo__min_samples_split"": 2, ""modelo__min_samples_leaf"": 2, ""modelo__max_features"": ""sqrt"", ""modelo__criterion"": ""entropy""}"
MissForest,RandomUnderSampling,Random Forest,Optuna TPE,1,0.7224765018668085,"{""modelo__n_estimators"": 200, ""modelo__max_depth"": null, ""modelo__min_samples_split"": 2, ""modelo__min_samples_leaf"": 5, ""modelo__max_features"": 0.8, ""modelo__criterion"": ""gini""}"
MissForest,RandomUnderSampling,Random Forest,Optuna TPE,2,0.727032311786091,"{""modelo__n_estimators"": 200, ""modelo__max_depth"": 8, ""modelo__min_samples_split"": 2, ""modelo__min_samples_leaf"": 5, ""modelo__max_features"": ""log2"", ""modelo__criterion"": ""gini""}"
MissForest,RandomUnderSampling,Random Forest,Optuna TPE,3,0.7170413615336031,"{""modelo__n_estimators"": 140, ""modelo__max_depth"": null, ""modelo__min_samples_split"": 5, ""modelo__min_samples_leaf"": 2, ""modelo__max_features"": 0.8, ""modelo__criterion"": ""gini""}"
MissForest,RandomUnderSampling,Random Forest,Optuna TPE,4,0.7299596818895249,"{""modelo__n_estimators"": 200, ""modelo__max_depth"": 8, ""modelo__min_samples_split"": 2, ""modelo__min_samples_leaf"": 1, ""modelo__max_features"": ""log2"", ""modelo__criterion"": ""gini""}"
MissForest,RandomUnderSampling,Random Forest,Optuna TPE,5,0.7275855557527618,"{""modelo__n_estimators"": 80, ""modelo__max_depth"": 8, ""modelo__min_samples_split"": 2, ""modelo__min_samples_leaf"": 1, ""modelo__max_features"": ""sqrt"", ""modelo__criterion"": ""gini""}"
MissForest,RandomUnderSampling,Random Forest,Optuna TPE,6,0.7283890287328574,"{""modelo__n_estimators"": 200, ""modelo__max_depth"": 8, ""modelo__min_samples_split"": 10, ""modelo__min_samples_leaf"": 1, ""modelo__max_features"": ""log2"", ""modelo__criterion"": ""gini""}"
MissForest,RandomUnderSampling,Random Forest,Optuna TPE,7,0.7307248306063054,"{""modelo__n_estimators"": 200, ""modelo__max_depth"": 8, ""modelo__min_samples_split"": 2, ""modelo__min_samples_leaf"": 1, ""modelo__max_features"": 0.8, ""modelo__criterion"": ""entropy""}"
MissForest,RandomUnderSampling,Random Forest,Optuna TPE,8,0.7295776177186983,"{""modelo__n_estimators"": 200, ""modelo__max_depth"": 8, ""modelo__min_samples_split"": 10, ""modelo__min_samples_leaf"": 1, ""modelo__max_features"": 0.8, ""modelo__criterion"": ""entropy""}"
MissForest,RandomUnderSampling,Random Forest,Optuna TPE,9,0.7224994366615173,"{""modelo__n_estimators"": 200, ""modelo__max_depth"": 4, ""modelo__min_samples_split"": 2, ""modelo__min_samples_leaf"": 1, ""modelo__max_features"": 0.8, ""modelo__criterion"": ""entropy""}"
MissForest,RandomUnderSampling,Random Forest,Optuna TPE,10,0.7284334023464458,"{""modelo__n_estimators"": 200, ""modelo__max_depth"": 8, ""modelo__min_samples_split"": 5, ""modelo__min_samples_leaf"": 5, ""modelo__max_features"": 0.8, ""modelo__criterion"": ""entropy""}"
MissForest,RandomUnderSampling,Random Forest,Optuna TPE,11,0.7081146304675716,"{""modelo__n_estimators"": 140, ""modelo__max_depth"": null, ""modelo__min_samples_split"": 2, ""modelo__min_samples_leaf"": 1, ""modelo__max_features"": ""log2"", ""modelo__criterion"": ""gini""}"
